Date,Month,Year
12APR2017,APR,2017
13APR2017,APR,2017
14APR2017,APR,2017
15APR2017,APR,2017
16APR2017,APR,2017
17APR2017,APR,2017
18APR2017,APR,2017
19APR2017,APR,2017
20APR2017,APR,2017
21APR2017,APR,2017
22APR2017,APR,2017
23APR2017,APR,2017
24APR2017,APR,2017
25APR2017,APR,2017
26APR2017,APR,2017
27APR2017,APR,2017
28APR2017,APR,2017
29APR2017,APR,2017
30APR2017,APR,2017
01MAY2017,MAY,2017
02MAY2017,MAY,2017
03MAY2017,MAY,2017
04MAY2017,MAY,2017
05MAY2017,MAY,2017
06MAY2017,MAY,2017
07MAY2017,MAY,2017
08MAY2017,MAY,2017
09MAY2017,MAY,2017
10MAY2017,MAY,2017
11MAY2017,MAY,2017
12MAY2017,MAY,2017
13MAY2017,MAY,2017
14MAY2017,MAY,2017
15MAY2017,MAY,2017
16MAY2017,MAY,2017
17MAY2017,MAY,2017
18MAY2017,MAY,2017
19MAY2017,MAY,2017
20MAY2017,MAY,2017
21MAY2017,MAY,2017
22MAY2017,MAY,2017
23MAY2017,MAY,2017
24MAY2017,MAY,2017
25MAY2017,MAY,2017
26MAY2017,MAY,2017
27MAY2017,MAY,2017
28MAY2017,MAY,2017
29MAY2017,MAY,2017
30MAY2017,MAY,2017
31MAY2017,MAY,2017
01JUN2017,JUN,2017
02JUN2017,JUN,2017
03JUN2017,JUN,2017
04JUN2017,JUN,2017
05JUN2017,JUN,2017
06JUN2017,JUN,2017
07JUN2017,JUN,2017
08JUN2017,JUN,2017
09JUN2017,JUN,2017
10JUN2017,JUN,2017
11JUN2017,JUN,2017
12JUN2017,JUN,2017
13JUN2017,JUN,2017
14JUN2017,JUN,2017
15JUN2017,JUN,2017
16JUN2017,JUN,2017
17JUN2017,JUN,2017
18JUN2017,JUN,2017
19JUN2017,JUN,2017
20JUN2017,JUN,2017
21JUN2017,JUN,2017
22JUN2017,JUN,2017
23JUN2017,JUN,2017
24JUN2017,JUN,2017
25JUN2017,JUN,2017
26JUN2017,JUN,2017
27JUN2017,JUN,2017
28JUN2017,JUN,2017
29JUN2017,JUN,2017
30JUN2017,JUN,2017
01JUL2017,JUL,2017
02JUL2017,JUL,2017
03JUL2017,JUL,2017
04JUL2017,JUL,2017
05JUL2017,JUL,2017
06JUL2017,JUL,2017
07JUL2017,JUL,2017
08JUL2017,JUL,2017
09JUL2017,JUL,2017
10JUL2017,JUL,2017
11JUL2017,JUL,2017
12JUL2017,JUL,2017
13JUL2017,JUL,2017
14JUL2017,JUL,2017
15JUL2017,JUL,2017
16JUL2017,JUL,2017
17JUL2017,JUL,2017
18JUL2017,JUL,2017
19JUL2017,JUL,2017
20JUL2017,JUL,2017
21JUL2017,JUL,2017
22JUL2017,JUL,2017
23JUL2017,JUL,2017
24JUL2017,JUL,2017
25JUL2017,JUL,2017
26JUL2017,JUL,2017
27JUL2017,JUL,2017
28JUL2017,JUL,2017
29JUL2017,JUL,2017
30JUL2017,JUL,2017
31JUL2017,JUL,2017
01AUG2017,AUG,2017
02AUG2017,AUG,2017
03AUG2017,AUG,2017
04AUG2017,AUG,2017
05AUG2017,AUG,2017
06AUG2017,AUG,2017
07AUG2017,AUG,2017
08AUG2017,AUG,2017
09AUG2017,AUG,2017
10AUG2017,AUG,2017
11AUG2017,AUG,2017
12AUG2017,AUG,2017
13AUG2017,AUG,2017
14AUG2017,AUG,2017
15AUG2017,AUG,2017
16AUG2017,AUG,2017
17AUG2017,AUG,2017
18AUG2017,AUG,2017
19AUG2017,AUG,2017
20AUG2017,AUG,2017
21AUG2017,AUG,2017
22AUG2017,AUG,2017
23AUG2017,AUG,2017
24AUG2017,AUG,2017
25AUG2017,AUG,2017
26AUG2017,AUG,2017
27AUG2017,AUG,2017
28AUG2017,AUG,2017
29AUG2017,AUG,2017
30AUG2017,AUG,2017
31AUG2017,AUG,2017
01SEP2017,SEP,2017
02SEP2017,SEP,2017
03SEP2017,SEP,2017
04SEP2017,SEP,2017
05SEP2017,SEP,2017
06SEP2017,SEP,2017
07SEP2017,SEP,2017
08SEP2017,SEP,2017
09SEP2017,SEP,2017
10SEP2017,SEP,2017
11SEP2017,SEP,2017
12SEP2017,SEP,2017
13SEP2017,SEP,2017
14SEP2017,SEP,2017
15SEP2017,SEP,2017
16SEP2017,SEP,2017
17SEP2017,SEP,2017
18SEP2017,SEP,2017
19SEP2017,SEP,2017
20SEP2017,SEP,2017
21SEP2017,SEP,2017
22SEP2017,SEP,2017
23SEP2017,SEP,2017
24SEP2017,SEP,2017
25SEP2017,SEP,2017
26SEP2017,SEP,2017
27SEP2017,SEP,2017
28SEP2017,SEP,2017
29SEP2017,SEP,2017
30SEP2017,SEP,2017
01OCT2017,OCT,2017
02OCT2017,OCT,2017
03OCT2017,OCT,2017
04OCT2017,OCT,2017
05OCT2017,OCT,2017
06OCT2017,OCT,2017
07OCT2017,OCT,2017
08OCT2017,OCT,2017
09OCT2017,OCT,2017
10OCT2017,OCT,2017
11OCT2017,OCT,2017
12OCT2017,OCT,2017
13OCT2017,OCT,2017
14OCT2017,OCT,2017
15OCT2017,OCT,2017
16OCT2017,OCT,2017
17OCT2017,OCT,2017
18OCT2017,OCT,2017
19OCT2017,OCT,2017
20OCT2017,OCT,2017
21OCT2017,OCT,2017
22OCT2017,OCT,2017
23OCT2017,OCT,2017
24OCT2017,OCT,2017
25OCT2017,OCT,2017
26OCT2017,OCT,2017
27OCT2017,OCT,2017
28OCT2017,OCT,2017
29OCT2017,OCT,2017
30OCT2017,OCT,2017
31OCT2017,OCT,2017
01NOV2017,NOV,2017
02NOV2017,NOV,2017
03NOV2017,NOV,2017
04NOV2017,NOV,2017
05NOV2017,NOV,2017
06NOV2017,NOV,2017
07NOV2017,NOV,2017
08NOV2017,NOV,2017
09NOV2017,NOV,2017
10NOV2017,NOV,2017
11NOV2017,NOV,2017
12NOV2017,NOV,2017
13NOV2017,NOV,2017
14NOV2017,NOV,2017
15NOV2017,NOV,2017
16NOV2017,NOV,2017
17NOV2017,NOV,2017
18NOV2017,NOV,2017
19NOV2017,NOV,2017
20NOV2017,NOV,2017
21NOV2017,NOV,2017
22NOV2017,NOV,2017
23NOV2017,NOV,2017
24NOV2017,NOV,2017
25NOV2017,NOV,2017
26NOV2017,NOV,2017
27NOV2017,NOV,2017
28NOV2017,NOV,2017
29NOV2017,NOV,2017
30NOV2017,NOV,2017
01DEC2017,DEC,2017
02DEC2017,DEC,2017
03DEC2017,DEC,2017
04DEC2017,DEC,2017
05DEC2017,DEC,2017
06DEC2017,DEC,2017
07DEC2017,DEC,2017
08DEC2017,DEC,2017
09DEC2017,DEC,2017
10DEC2017,DEC,2017
11DEC2017,DEC,2017
12DEC2017,DEC,2017
13DEC2017,DEC,2017
14DEC2017,DEC,2017
15DEC2017,DEC,2017
16DEC2017,DEC,2017
17DEC2017,DEC,2017
18DEC2017,DEC,2017
19DEC2017,DEC,2017
20DEC2017,DEC,2017
21DEC2017,DEC,2017
22DEC2017,DEC,2017
23DEC2017,DEC,2017
24DEC2017,DEC,2017
25DEC2017,DEC,2017
26DEC2017,DEC,2017
27DEC2017,DEC,2017
28DEC2017,DEC,2017
29DEC2017,DEC,2017
30DEC2017,DEC,2017
31DEC2017,DEC,2017
01JAN2018,JAN,2018
02JAN2018,JAN,2018
03JAN2018,JAN,2018
04JAN2018,JAN,2018
05JAN2018,JAN,2018
06JAN2018,JAN,2018
07JAN2018,JAN,2018
08JAN2018,JAN,2018
09JAN2018,JAN,2018
10JAN2018,JAN,2018
11JAN2018,JAN,2018
12JAN2018,JAN,2018
13JAN2018,JAN,2018
14JAN2018,JAN,2018
15JAN2018,JAN,2018
16JAN2018,JAN,2018
17JAN2018,JAN,2018
18JAN2018,JAN,2018
19JAN2018,JAN,2018
20JAN2018,JAN,2018
21JAN2018,JAN,2018
22JAN2018,JAN,2018
23JAN2018,JAN,2018
24JAN2018,JAN,2018
25JAN2018,JAN,2018
26JAN2018,JAN,2018
27JAN2018,JAN,2018
28JAN2018,JAN,2018
29JAN2018,JAN,2018
30JAN2018,JAN,2018
31JAN2018,JAN,2018
01FEB2018,FEB,2018
02FEB2018,FEB,2018
03FEB2018,FEB,2018
04FEB2018,FEB,2018
05FEB2018,FEB,2018
06FEB2018,FEB,2018
07FEB2018,FEB,2018
08FEB2018,FEB,2018
09FEB2018,FEB,2018
10FEB2018,FEB,2018
11FEB2018,FEB,2018
12FEB2018,FEB,2018
13FEB2018,FEB,2018
14FEB2018,FEB,2018
15FEB2018,FEB,2018
16FEB2018,FEB,2018
17FEB2018,FEB,2018
18FEB2018,FEB,2018
19FEB2018,FEB,2018
20FEB2018,FEB,2018
21FEB2018,FEB,2018
22FEB2018,FEB,2018
23FEB2018,FEB,2018
24FEB2018,FEB,2018
25FEB2018,FEB,2018
26FEB2018,FEB,2018
27FEB2018,FEB,2018
28FEB2018,FEB,2018
01MAR2018,MAR,2018
02MAR2018,MAR,2018
03MAR2018,MAR,2018
04MAR2018,MAR,2018
05MAR2018,MAR,2018
06MAR2018,MAR,2018
07MAR2018,MAR,2018
08MAR2018,MAR,2018
09MAR2018,MAR,2018
10MAR2018,MAR,2018
11MAR2018,MAR,2018
12MAR2018,MAR,2018
13MAR2018,MAR,2018
14MAR2018,MAR,2018
15MAR2018,MAR,2018
16MAR2018,MAR,2018
17MAR2018,MAR,2018
18MAR2018,MAR,2018
19MAR2018,MAR,2018
20MAR2018,MAR,2018
21MAR2018,MAR,2018
22MAR2018,MAR,2018
23MAR2018,MAR,2018
24MAR2018,MAR,2018
25MAR2018,MAR,2018
26MAR2018,MAR,2018
27MAR2018,MAR,2018
28MAR2018,MAR,2018
29MAR2018,MAR,2018
30MAR2018,MAR,2018
31MAR2018,MAR,2018
01APR2018,APR,2018
02APR2018,APR,2018
03APR2018,APR,2018
04APR2018,APR,2018
05APR2018,APR,2018
06APR2018,APR,2018
07APR2018,APR,2018
08APR2018,APR,2018
09APR2018,APR,2018
10APR2018,APR,2018
11APR2018,APR,2018
12APR2018,APR,2018
13APR2018,APR,2018
14APR2018,APR,2018
15APR2018,APR,2018
16APR2018,APR,2018
17APR2018,APR,2018
18APR2018,APR,2018
19APR2018,APR,2018
20APR2018,APR,2018
21APR2018,APR,2018
22APR2018,APR,2018
23APR2018,APR,2018
24APR2018,APR,2018
25APR2018,APR,2018
26APR2018,APR,2018
27APR2018,APR,2018
28APR2018,APR,2018
29APR2018,APR,2018
30APR2018,APR,2018
01MAY2018,MAY,2018
02MAY2018,MAY,2018
03MAY2018,MAY,2018
04MAY2018,MAY,2018
05MAY2018,MAY,2018
06MAY2018,MAY,2018
07MAY2018,MAY,2018
08MAY2018,MAY,2018
09MAY2018,MAY,2018
10MAY2018,MAY,2018
11MAY2018,MAY,2018
12MAY2018,MAY,2018
13MAY2018,MAY,2018
14MAY2018,MAY,2018
15MAY2018,MAY,2018
16MAY2018,MAY,2018
17MAY2018,MAY,2018
18MAY2018,MAY,2018
19MAY2018,MAY,2018
20MAY2018,MAY,2018
21MAY2018,MAY,2018
22MAY2018,MAY,2018
23MAY2018,MAY,2018
24MAY2018,MAY,2018
25MAY2018,MAY,2018
26MAY2018,MAY,2018
27MAY2018,MAY,2018
28MAY2018,MAY,2018
29MAY2018,MAY,2018
30MAY2018,MAY,2018
31MAY2018,MAY,2018
01JUN2018,JUN,2018
02JUN2018,JUN,2018
03JUN2018,JUN,2018
04JUN2018,JUN,2018
05JUN2018,JUN,2018
06JUN2018,JUN,2018
07JUN2018,JUN,2018
08JUN2018,JUN,2018
09JUN2018,JUN,2018
10JUN2018,JUN,2018
11JUN2018,JUN,2018
12JUN2018,JUN,2018
13JUN2018,JUN,2018
14JUN2018,JUN,2018
15JUN2018,JUN,2018
16JUN2018,JUN,2018
17JUN2018,JUN,2018
18JUN2018,JUN,2018
19JUN2018,JUN,2018
20JUN2018,JUN,2018
21JUN2018,JUN,2018
22JUN2018,JUN,2018
23JUN2018,JUN,2018
24JUN2018,JUN,2018
25JUN2018,JUN,2018
26JUN2018,JUN,2018
27JUN2018,JUN,2018
28JUN2018,JUN,2018
29JUN2018,JUN,2018
30JUN2018,JUN,2018
01JUL2018,JUL,2018
02JUL2018,JUL,2018
03JUL2018,JUL,2018
04JUL2018,JUL,2018
05JUL2018,JUL,2018
06JUL2018,JUL,2018
07JUL2018,JUL,2018
08JUL2018,JUL,2018
09JUL2018,JUL,2018
10JUL2018,JUL,2018
11JUL2018,JUL,2018
12JUL2018,JUL,2018
13JUL2018,JUL,2018
14JUL2018,JUL,2018
15JUL2018,JUL,2018
16JUL2018,JUL,2018
17JUL2018,JUL,2018
18JUL2018,JUL,2018
19JUL2018,JUL,2018
20JUL2018,JUL,2018
21JUL2018,JUL,2018
22JUL2018,JUL,2018
23JUL2018,JUL,2018
24JUL2018,JUL,2018
25JUL2018,JUL,2018
26JUL2018,JUL,2018
27JUL2018,JUL,2018
28JUL2018,JUL,2018
29JUL2018,JUL,2018
30JUL2018,JUL,2018
31JUL2018,JUL,2018
01AUG2018,AUG,2018
02AUG2018,AUG,2018
03AUG2018,AUG,2018
04AUG2018,AUG,2018
05AUG2018,AUG,2018
06AUG2018,AUG,2018
07AUG2018,AUG,2018
08AUG2018,AUG,2018
09AUG2018,AUG,2018
10AUG2018,AUG,2018
11AUG2018,AUG,2018
12AUG2018,AUG,2018
13AUG2018,AUG,2018
14AUG2018,AUG,2018
15AUG2018,AUG,2018
16AUG2018,AUG,2018
17AUG2018,AUG,2018
18AUG2018,AUG,2018
19AUG2018,AUG,2018
20AUG2018,AUG,2018
21AUG2018,AUG,2018
22AUG2018,AUG,2018
23AUG2018,AUG,2018
24AUG2018,AUG,2018
25AUG2018,AUG,2018
26AUG2018,AUG,2018
27AUG2018,AUG,2018
28AUG2018,AUG,2018
29AUG2018,AUG,2018
30AUG2018,AUG,2018
31AUG2018,AUG,2018
01SEP2018,SEP,2018
02SEP2018,SEP,2018
03SEP2018,SEP,2018
04SEP2018,SEP,2018
05SEP2018,SEP,2018
06SEP2018,SEP,2018
07SEP2018,SEP,2018
08SEP2018,SEP,2018
09SEP2018,SEP,2018
10SEP2018,SEP,2018
11SEP2018,SEP,2018
12SEP2018,SEP,2018
13SEP2018,SEP,2018
14SEP2018,SEP,2018
15SEP2018,SEP,2018
16SEP2018,SEP,2018
17SEP2018,SEP,2018
18SEP2018,SEP,2018
19SEP2018,SEP,2018
20SEP2018,SEP,2018
21SEP2018,SEP,2018
22SEP2018,SEP,2018
23SEP2018,SEP,2018
24SEP2018,SEP,2018
25SEP2018,SEP,2018
26SEP2018,SEP,2018
27SEP2018,SEP,2018
28SEP2018,SEP,2018
29SEP2018,SEP,2018
30SEP2018,SEP,2018
01OCT2018,OCT,2018
02OCT2018,OCT,2018
03OCT2018,OCT,2018
04OCT2018,OCT,2018
05OCT2018,OCT,2018
06OCT2018,OCT,2018
07OCT2018,OCT,2018
08OCT2018,OCT,2018
09OCT2018,OCT,2018
10OCT2018,OCT,2018
11OCT2018,OCT,2018
12OCT2018,OCT,2018
13OCT2018,OCT,2018
14OCT2018,OCT,2018
15OCT2018,OCT,2018
16OCT2018,OCT,2018
17OCT2018,OCT,2018
18OCT2018,OCT,2018
19OCT2018,OCT,2018
20OCT2018,OCT,2018
21OCT2018,OCT,2018
22OCT2018,OCT,2018
23OCT2018,OCT,2018
24OCT2018,OCT,2018
25OCT2018,OCT,2018
26OCT2018,OCT,2018
27OCT2018,OCT,2018
28OCT2018,OCT,2018
29OCT2018,OCT,2018
30OCT2018,OCT,2018
31OCT2018,OCT,2018
01NOV2018,NOV,2018
02NOV2018,NOV,2018
03NOV2018,NOV,2018
04NOV2018,NOV,2018
05NOV2018,NOV,2018
06NOV2018,NOV,2018
07NOV2018,NOV,2018
08NOV2018,NOV,2018
09NOV2018,NOV,2018
10NOV2018,NOV,2018
11NOV2018,NOV,2018
12NOV2018,NOV,2018
13NOV2018,NOV,2018
14NOV2018,NOV,2018
15NOV2018,NOV,2018
16NOV2018,NOV,2018
17NOV2018,NOV,2018
18NOV2018,NOV,2018
19NOV2018,NOV,2018
20NOV2018,NOV,2018
21NOV2018,NOV,2018
22NOV2018,NOV,2018
23NOV2018,NOV,2018
24NOV2018,NOV,2018
25NOV2018,NOV,2018
26NOV2018,NOV,2018
27NOV2018,NOV,2018
28NOV2018,NOV,2018
29NOV2018,NOV,2018
30NOV2018,NOV,2018
01DEC2018,DEC,2018
02DEC2018,DEC,2018
03DEC2018,DEC,2018
04DEC2018,DEC,2018
05DEC2018,DEC,2018
06DEC2018,DEC,2018
07DEC2018,DEC,2018
08DEC2018,DEC,2018
09DEC2018,DEC,2018
10DEC2018,DEC,2018
11DEC2018,DEC,2018
12DEC2018,DEC,2018
13DEC2018,DEC,2018
14DEC2018,DEC,2018
15DEC2018,DEC,2018
16DEC2018,DEC,2018
17DEC2018,DEC,2018
18DEC2018,DEC,2018
19DEC2018,DEC,2018
20DEC2018,DEC,2018
21DEC2018,DEC,2018
22DEC2018,DEC,2018
23DEC2018,DEC,2018
24DEC2018,DEC,2018
25DEC2018,DEC,2018
26DEC2018,DEC,2018
27DEC2018,DEC,2018
28DEC2018,DEC,2018
29DEC2018,DEC,2018
30DEC2018,DEC,2018
31DEC2018,DEC,2018
01JAN2019,JAN,2019
02JAN2019,JAN,2019
03JAN2019,JAN,2019
04JAN2019,JAN,2019
05JAN2019,JAN,2019
06JAN2019,JAN,2019
07JAN2019,JAN,2019
08JAN2019,JAN,2019
09JAN2019,JAN,2019
10JAN2019,JAN,2019
11JAN2019,JAN,2019
12JAN2019,JAN,2019
13JAN2019,JAN,2019
14JAN2019,JAN,2019
15JAN2019,JAN,2019
16JAN2019,JAN,2019
17JAN2019,JAN,2019
18JAN2019,JAN,2019
19JAN2019,JAN,2019
20JAN2019,JAN,2019
21JAN2019,JAN,2019
22JAN2019,JAN,2019
23JAN2019,JAN,2019
24JAN2019,JAN,2019
25JAN2019,JAN,2019
26JAN2019,JAN,2019
27JAN2019,JAN,2019
28JAN2019,JAN,2019
29JAN2019,JAN,2019
30JAN2019,JAN,2019
31JAN2019,JAN,2019
01FEB2019,FEB,2019
02FEB2019,FEB,2019
03FEB2019,FEB,2019
04FEB2019,FEB,2019
05FEB2019,FEB,2019
06FEB2019,FEB,2019
07FEB2019,FEB,2019
08FEB2019,FEB,2019
09FEB2019,FEB,2019
10FEB2019,FEB,2019
11FEB2019,FEB,2019
12FEB2019,FEB,2019
13FEB2019,FEB,2019
14FEB2019,FEB,2019
15FEB2019,FEB,2019
16FEB2019,FEB,2019
17FEB2019,FEB,2019
18FEB2019,FEB,2019
19FEB2019,FEB,2019
20FEB2019,FEB,2019
21FEB2019,FEB,2019
22FEB2019,FEB,2019
23FEB2019,FEB,2019
24FEB2019,FEB,2019
25FEB2019,FEB,2019
26FEB2019,FEB,2019
27FEB2019,FEB,2019
28FEB2019,FEB,2019
01MAR2019,MAR,2019
02MAR2019,MAR,2019
03MAR2019,MAR,2019
04MAR2019,MAR,2019
05MAR2019,MAR,2019
06MAR2019,MAR,2019
07MAR2019,MAR,2019
08MAR2019,MAR,2019
09MAR2019,MAR,2019
10MAR2019,MAR,2019
11MAR2019,MAR,2019
12MAR2019,MAR,2019
13MAR2019,MAR,2019
14MAR2019,MAR,2019
15MAR2019,MAR,2019
16MAR2019,MAR,2019
17MAR2019,MAR,2019
18MAR2019,MAR,2019
19MAR2019,MAR,2019
20MAR2019,MAR,2019
21MAR2019,MAR,2019
22MAR2019,MAR,2019
23MAR2019,MAR,2019
24MAR2019,MAR,2019
25MAR2019,MAR,2019
26MAR2019,MAR,2019
27MAR2019,MAR,2019
28MAR2019,MAR,2019
29MAR2019,MAR,2019
30MAR2019,MAR,2019
31MAR2019,MAR,2019
01APR2019,APR,2019
02APR2019,APR,2019
03APR2019,APR,2019
04APR2019,APR,2019
05APR2019,APR,2019
06APR2019,APR,2019
07APR2019,APR,2019
08APR2019,APR,2019
09APR2019,APR,2019
10APR2019,APR,2019
11APR2019,APR,2019
12APR2019,APR,2019
13APR2019,APR,2019
14APR2019,APR,2019
15APR2019,APR,2019
16APR2019,APR,2019
17APR2019,APR,2019
18APR2019,APR,2019
19APR2019,APR,2019
20APR2019,APR,2019
21APR2019,APR,2019
22APR2019,APR,2019
23APR2019,APR,2019
24APR2019,APR,2019
25APR2019,APR,2019
26APR2019,APR,2019
27APR2019,APR,2019
28APR2019,APR,2019
29APR2019,APR,2019
30APR2019,APR,2019
01MAY2019,MAY,2019
02MAY2019,MAY,2019
03MAY2019,MAY,2019
04MAY2019,MAY,2019
05MAY2019,MAY,2019
06MAY2019,MAY,2019
07MAY2019,MAY,2019
08MAY2019,MAY,2019
09MAY2019,MAY,2019
10MAY2019,MAY,2019
11MAY2019,MAY,2019
12MAY2019,MAY,2019
13MAY2019,MAY,2019
14MAY2019,MAY,2019
15MAY2019,MAY,2019
16MAY2019,MAY,2019
17MAY2019,MAY,2019
18MAY2019,MAY,2019
19MAY2019,MAY,2019
20MAY2019,MAY,2019
21MAY2019,MAY,2019
22MAY2019,MAY,2019
23MAY2019,MAY,2019
24MAY2019,MAY,2019
25MAY2019,MAY,2019
26MAY2019,MAY,2019
27MAY2019,MAY,2019
28MAY2019,MAY,2019
29MAY2019,MAY,2019
30MAY2019,MAY,2019
31MAY2019,MAY,2019
01JUN2019,JUN,2019
02JUN2019,JUN,2019
03JUN2019,JUN,2019
04JUN2019,JUN,2019
05JUN2019,JUN,2019
06JUN2019,JUN,2019
07JUN2019,JUN,2019
08JUN2019,JUN,2019
09JUN2019,JUN,2019
10JUN2019,JUN,2019
11JUN2019,JUN,2019
12JUN2019,JUN,2019
13JUN2019,JUN,2019
14JUN2019,JUN,2019
15JUN2019,JUN,2019
16JUN2019,JUN,2019
17JUN2019,JUN,2019
18JUN2019,JUN,2019
19JUN2019,JUN,2019
20JUN2019,JUN,2019
21JUN2019,JUN,2019
22JUN2019,JUN,2019
23JUN2019,JUN,2019
24JUN2019,JUN,2019
25JUN2019,JUN,2019
26JUN2019,JUN,2019
27JUN2019,JUN,2019
28JUN2019,JUN,2019
29JUN2019,JUN,2019
30JUN2019,JUN,2019
01JUL2019,JUL,2019
02JUL2019,JUL,2019
03JUL2019,JUL,2019
04JUL2019,JUL,2019
05JUL2019,JUL,2019
06JUL2019,JUL,2019
07JUL2019,JUL,2019
08JUL2019,JUL,2019
09JUL2019,JUL,2019
10JUL2019,JUL,2019
11JUL2019,JUL,2019
12JUL2019,JUL,2019
13JUL2019,JUL,2019
14JUL2019,JUL,2019
15JUL2019,JUL,2019
16JUL2019,JUL,2019
17JUL2019,JUL,2019
18JUL2019,JUL,2019
19JUL2019,JUL,2019
20JUL2019,JUL,2019
21JUL2019,JUL,2019
22JUL2019,JUL,2019
23JUL2019,JUL,2019
24JUL2019,JUL,2019
25JUL2019,JUL,2019
26JUL2019,JUL,2019
27JUL2019,JUL,2019
28JUL2019,JUL,2019
29JUL2019,JUL,2019
30JUL2019,JUL,2019
31JUL2019,JUL,2019
01AUG2019,AUG,2019
02AUG2019,AUG,2019
03AUG2019,AUG,2019
04AUG2019,AUG,2019
05AUG2019,AUG,2019
06AUG2019,AUG,2019
07AUG2019,AUG,2019
08AUG2019,AUG,2019
09AUG2019,AUG,2019
10AUG2019,AUG,2019
11AUG2019,AUG,2019
12AUG2019,AUG,2019
13AUG2019,AUG,2019
14AUG2019,AUG,2019
15AUG2019,AUG,2019
16AUG2019,AUG,2019
17AUG2019,AUG,2019
18AUG2019,AUG,2019
19AUG2019,AUG,2019
20AUG2019,AUG,2019
21AUG2019,AUG,2019
22AUG2019,AUG,2019
23AUG2019,AUG,2019
24AUG2019,AUG,2019
25AUG2019,AUG,2019
26AUG2019,AUG,2019
27AUG2019,AUG,2019
28AUG2019,AUG,2019
29AUG2019,AUG,2019
30AUG2019,AUG,2019
31AUG2019,AUG,2019
01SEP2019,SEP,2019
02SEP2019,SEP,2019
03SEP2019,SEP,2019
04SEP2019,SEP,2019
05SEP2019,SEP,2019
06SEP2019,SEP,2019
07SEP2019,SEP,2019
08SEP2019,SEP,2019
09SEP2019,SEP,2019
10SEP2019,SEP,2019
11SEP2019,SEP,2019
12SEP2019,SEP,2019
13SEP2019,SEP,2019
14SEP2019,SEP,2019
15SEP2019,SEP,2019
16SEP2019,SEP,2019
17SEP2019,SEP,2019
18SEP2019,SEP,2019
19SEP2019,SEP,2019
20SEP2019,SEP,2019
21SEP2019,SEP,2019
22SEP2019,SEP,2019
23SEP2019,SEP,2019
24SEP2019,SEP,2019
25SEP2019,SEP,2019
26SEP2019,SEP,2019
27SEP2019,SEP,2019
28SEP2019,SEP,2019
29SEP2019,SEP,2019
30SEP2019,SEP,2019
01OCT2019,OCT,2019
02OCT2019,OCT,2019
03OCT2019,OCT,2019
04OCT2019,OCT,2019
05OCT2019,OCT,2019
06OCT2019,OCT,2019
07OCT2019,OCT,2019
08OCT2019,OCT,2019
09OCT2019,OCT,2019
10OCT2019,OCT,2019
11OCT2019,OCT,2019
12OCT2019,OCT,2019
13OCT2019,OCT,2019
14OCT2019,OCT,2019
15OCT2019,OCT,2019
16OCT2019,OCT,2019
17OCT2019,OCT,2019
18OCT2019,OCT,2019
19OCT2019,OCT,2019
20OCT2019,OCT,2019
21OCT2019,OCT,2019
22OCT2019,OCT,2019
23OCT2019,OCT,2019
24OCT2019,OCT,2019
25OCT2019,OCT,2019
26OCT2019,OCT,2019
27OCT2019,OCT,2019
28OCT2019,OCT,2019
29OCT2019,OCT,2019
30OCT2019,OCT,2019
31OCT2019,OCT,2019
01NOV2019,NOV,2019
02NOV2019,NOV,2019
03NOV2019,NOV,2019
04NOV2019,NOV,2019
05NOV2019,NOV,2019
06NOV2019,NOV,2019
07NOV2019,NOV,2019
08NOV2019,NOV,2019
09NOV2019,NOV,2019
10NOV2019,NOV,2019
11NOV2019,NOV,2019
12NOV2019,NOV,2019
13NOV2019,NOV,2019
14NOV2019,NOV,2019
15NOV2019,NOV,2019
16NOV2019,NOV,2019
17NOV2019,NOV,2019
18NOV2019,NOV,2019
19NOV2019,NOV,2019
20NOV2019,NOV,2019
21NOV2019,NOV,2019
22NOV2019,NOV,2019
23NOV2019,NOV,2019
24NOV2019,NOV,2019
25NOV2019,NOV,2019
26NOV2019,NOV,2019
27NOV2019,NOV,2019
28NOV2019,NOV,2019
29NOV2019,NOV,2019
30NOV2019,NOV,2019
01DEC2019,DEC,2019
02DEC2019,DEC,2019
03DEC2019,DEC,2019
04DEC2019,DEC,2019
05DEC2019,DEC,2019
06DEC2019,DEC,2019
07DEC2019,DEC,2019
08DEC2019,DEC,2019
09DEC2019,DEC,2019
10DEC2019,DEC,2019
11DEC2019,DEC,2019
12DEC2019,DEC,2019
13DEC2019,DEC,2019
14DEC2019,DEC,2019
15DEC2019,DEC,2019
16DEC2019,DEC,2019
17DEC2019,DEC,2019
18DEC2019,DEC,2019
19DEC2019,DEC,2019
20DEC2019,DEC,2019
21DEC2019,DEC,2019
22DEC2019,DEC,2019
23DEC2019,DEC,2019
24DEC2019,DEC,2019
25DEC2019,DEC,2019
26DEC2019,DEC,2019
27DEC2019,DEC,2019
28DEC2019,DEC,2019
29DEC2019,DEC,2019
30DEC2019,DEC,2019
31DEC2019,DEC,2019
01JAN2020,JAN,2020
02JAN2020,JAN,2020
03JAN2020,JAN,2020
04JAN2020,JAN,2020
05JAN2020,JAN,2020
06JAN2020,JAN,2020
07JAN2020,JAN,2020
08JAN2020,JAN,2020
09JAN2020,JAN,2020
10JAN2020,JAN,2020
11JAN2020,JAN,2020
12JAN2020,JAN,2020
13JAN2020,JAN,2020
14JAN2020,JAN,2020
15JAN2020,JAN,2020
16JAN2020,JAN,2020
17JAN2020,JAN,2020
18JAN2020,JAN,2020
19JAN2020,JAN,2020
20JAN2020,JAN,2020
21JAN2020,JAN,2020
22JAN2020,JAN,2020
23JAN2020,JAN,2020
24JAN2020,JAN,2020
25JAN2020,JAN,2020
26JAN2020,JAN,2020
27JAN2020,JAN,2020
28JAN2020,JAN,2020
29JAN2020,JAN,2020
30JAN2020,JAN,2020
31JAN2020,JAN,2020
01FEB2020,FEB,2020
02FEB2020,FEB,2020
03FEB2020,FEB,2020
04FEB2020,FEB,2020
05FEB2020,FEB,2020
06FEB2020,FEB,2020
07FEB2020,FEB,2020
08FEB2020,FEB,2020
09FEB2020,FEB,2020
10FEB2020,FEB,2020
11FEB2020,FEB,2020
12FEB2020,FEB,2020
13FEB2020,FEB,2020
14FEB2020,FEB,2020
15FEB2020,FEB,2020
16FEB2020,FEB,2020
17FEB2020,FEB,2020
18FEB2020,FEB,2020
19FEB2020,FEB,2020
20FEB2020,FEB,2020
21FEB2020,FEB,2020
22FEB2020,FEB,2020
23FEB2020,FEB,2020
24FEB2020,FEB,2020
25FEB2020,FEB,2020
26FEB2020,FEB,2020
27FEB2020,FEB,2020
28FEB2020,FEB,2020
29FEB2020,FEB,2020
01MAR2020,MAR,2020
02MAR2020,MAR,2020
03MAR2020,MAR,2020
04MAR2020,MAR,2020
05MAR2020,MAR,2020
06MAR2020,MAR,2020
07MAR2020,MAR,2020
08MAR2020,MAR,2020
09MAR2020,MAR,2020
10MAR2020,MAR,2020
11MAR2020,MAR,2020
12MAR2020,MAR,2020
13MAR2020,MAR,2020
14MAR2020,MAR,2020
15MAR2020,MAR,2020
16MAR2020,MAR,2020
17MAR2020,MAR,2020
18MAR2020,MAR,2020
19MAR2020,MAR,2020
20MAR2020,MAR,2020
21MAR2020,MAR,2020
22MAR2020,MAR,2020
23MAR2020,MAR,2020
24MAR2020,MAR,2020
25MAR2020,MAR,2020
26MAR2020,MAR,2020
27MAR2020,MAR,2020
28MAR2020,MAR,2020
29MAR2020,MAR,2020
30MAR2020,MAR,2020
31MAR2020,MAR,2020
01APR2020,APR,2020
02APR2020,APR,2020
03APR2020,APR,2020
04APR2020,APR,2020
05APR2020,APR,2020
06APR2020,APR,2020
07APR2020,APR,2020
08APR2020,APR,2020
09APR2020,APR,2020
10APR2020,APR,2020
11APR2020,APR,2020
12APR2020,APR,2020
13APR2020,APR,2020
14APR2020,APR,2020
15APR2020,APR,2020
16APR2020,APR,2020
17APR2020,APR,2020
18APR2020,APR,2020
19APR2020,APR,2020
20APR2020,APR,2020
21APR2020,APR,2020
22APR2020,APR,2020
23APR2020,APR,2020
24APR2020,APR,2020
25APR2020,APR,2020
26APR2020,APR,2020
27APR2020,APR,2020
28APR2020,APR,2020
29APR2020,APR,2020
30APR2020,APR,2020
01MAY2020,MAY,2020
02MAY2020,MAY,2020
03MAY2020,MAY,2020
04MAY2020,MAY,2020
05MAY2020,MAY,2020
06MAY2020,MAY,2020
07MAY2020,MAY,2020
08MAY2020,MAY,2020
09MAY2020,MAY,2020
10MAY2020,MAY,2020
11MAY2020,MAY,2020
12MAY2020,MAY,2020
13MAY2020,MAY,2020
14MAY2020,MAY,2020
15MAY2020,MAY,2020
16MAY2020,MAY,2020
17MAY2020,MAY,2020
18MAY2020,MAY,2020
19MAY2020,MAY,2020
20MAY2020,MAY,2020
21MAY2020,MAY,2020
22MAY2020,MAY,2020
23MAY2020,MAY,2020
24MAY2020,MAY,2020
25MAY2020,MAY,2020
26MAY2020,MAY,2020
27MAY2020,MAY,2020
28MAY2020,MAY,2020
29MAY2020,MAY,2020
30MAY2020,MAY,2020
31MAY2020,MAY,2020
01JUN2020,JUN,2020
02JUN2020,JUN,2020
03JUN2020,JUN,2020
04JUN2020,JUN,2020
05JUN2020,JUN,2020
06JUN2020,JUN,2020
07JUN2020,JUN,2020
08JUN2020,JUN,2020
09JUN2020,JUN,2020
10JUN2020,JUN,2020
11JUN2020,JUN,2020
12JUN2020,JUN,2020
13JUN2020,JUN,2020
14JUN2020,JUN,2020
15JUN2020,JUN,2020
16JUN2020,JUN,2020
17JUN2020,JUN,2020
18JUN2020,JUN,2020
19JUN2020,JUN,2020
20JUN2020,JUN,2020
21JUN2020,JUN,2020
22JUN2020,JUN,2020
23JUN2020,JUN,2020
24JUN2020,JUN,2020
25JUN2020,JUN,2020
26JUN2020,JUN,2020
27JUN2020,JUN,2020
28JUN2020,JUN,2020
29JUN2020,JUN,2020
30JUN2020,JUN,2020
01JUL2020,JUL,2020
02JUL2020,JUL,2020
03JUL2020,JUL,2020
04JUL2020,JUL,2020
05JUL2020,JUL,2020
06JUL2020,JUL,2020
07JUL2020,JUL,2020
08JUL2020,JUL,2020
09JUL2020,JUL,2020
10JUL2020,JUL,2020
11JUL2020,JUL,2020
12JUL2020,JUL,2020
13JUL2020,JUL,2020
14JUL2020,JUL,2020
15JUL2020,JUL,2020
16JUL2020,JUL,2020
17JUL2020,JUL,2020
18JUL2020,JUL,2020
19JUL2020,JUL,2020
20JUL2020,JUL,2020
21JUL2020,JUL,2020
22JUL2020,JUL,2020
23JUL2020,JUL,2020
24JUL2020,JUL,2020
25JUL2020,JUL,2020
26JUL2020,JUL,2020
27JUL2020,JUL,2020
28JUL2020,JUL,2020
29JUL2020,JUL,2020
30JUL2020,JUL,2020
31JUL2020,JUL,2020
01AUG2020,AUG,2020
02AUG2020,AUG,2020
03AUG2020,AUG,2020
04AUG2020,AUG,2020
05AUG2020,AUG,2020
06AUG2020,AUG,2020
07AUG2020,AUG,2020
08AUG2020,AUG,2020
09AUG2020,AUG,2020
10AUG2020,AUG,2020
11AUG2020,AUG,2020
12AUG2020,AUG,2020
13AUG2020,AUG,2020
14AUG2020,AUG,2020
15AUG2020,AUG,2020
16AUG2020,AUG,2020
17AUG2020,AUG,2020
18AUG2020,AUG,2020
19AUG2020,AUG,2020
20AUG2020,AUG,2020
21AUG2020,AUG,2020
22AUG2020,AUG,2020
23AUG2020,AUG,2020
24AUG2020,AUG,2020
25AUG2020,AUG,2020
26AUG2020,AUG,2020
27AUG2020,AUG,2020
28AUG2020,AUG,2020
29AUG2020,AUG,2020
30AUG2020,AUG,2020
31AUG2020,AUG,2020
01SEP2020,SEP,2020
02SEP2020,SEP,2020
03SEP2020,SEP,2020
04SEP2020,SEP,2020
05SEP2020,SEP,2020
06SEP2020,SEP,2020
07SEP2020,SEP,2020
08SEP2020,SEP,2020
09SEP2020,SEP,2020
10SEP2020,SEP,2020
11SEP2020,SEP,2020
12SEP2020,SEP,2020
13SEP2020,SEP,2020
14SEP2020,SEP,2020
15SEP2020,SEP,2020
16SEP2020,SEP,2020
17SEP2020,SEP,2020
18SEP2020,SEP,2020
19SEP2020,SEP,2020
20SEP2020,SEP,2020
21SEP2020,SEP,2020
22SEP2020,SEP,2020
23SEP2020,SEP,2020
24SEP2020,SEP,2020
25SEP2020,SEP,2020
26SEP2020,SEP,2020
27SEP2020,SEP,2020
28SEP2020,SEP,2020
29SEP2020,SEP,2020
30SEP2020,SEP,2020
01OCT2020,OCT,2020
02OCT2020,OCT,2020
03OCT2020,OCT,2020
04OCT2020,OCT,2020
05OCT2020,OCT,2020
06OCT2020,OCT,2020
07OCT2020,OCT,2020
08OCT2020,OCT,2020
09OCT2020,OCT,2020
10OCT2020,OCT,2020
11OCT2020,OCT,2020
12OCT2020,OCT,2020
13OCT2020,OCT,2020
14OCT2020,OCT,2020
15OCT2020,OCT,2020
16OCT2020,OCT,2020
17OCT2020,OCT,2020
18OCT2020,OCT,2020
19OCT2020,OCT,2020
20OCT2020,OCT,2020
21OCT2020,OCT,2020
22OCT2020,OCT,2020
23OCT2020,OCT,2020
24OCT2020,OCT,2020
25OCT2020,OCT,2020
26OCT2020,OCT,2020
27OCT2020,OCT,2020
28OCT2020,OCT,2020
29OCT2020,OCT,2020
30OCT2020,OCT,2020
31OCT2020,OCT,2020
01NOV2020,NOV,2020
02NOV2020,NOV,2020
03NOV2020,NOV,2020
04NOV2020,NOV,2020
05NOV2020,NOV,2020
06NOV2020,NOV,2020
07NOV2020,NOV,2020
08NOV2020,NOV,2020
09NOV2020,NOV,2020
10NOV2020,NOV,2020
11NOV2020,NOV,2020
12NOV2020,NOV,2020
13NOV2020,NOV,2020
14NOV2020,NOV,2020
15NOV2020,NOV,2020
16NOV2020,NOV,2020
17NOV2020,NOV,2020
18NOV2020,NOV,2020
19NOV2020,NOV,2020
20NOV2020,NOV,2020
21NOV2020,NOV,2020
22NOV2020,NOV,2020
23NOV2020,NOV,2020
24NOV2020,NOV,2020
25NOV2020,NOV,2020
26NOV2020,NOV,2020
27NOV2020,NOV,2020
28NOV2020,NOV,2020
29NOV2020,NOV,2020
30NOV2020,NOV,2020
01DEC2020,DEC,2020
02DEC2020,DEC,2020
03DEC2020,DEC,2020
04DEC2020,DEC,2020
05DEC2020,DEC,2020
06DEC2020,DEC,2020
07DEC2020,DEC,2020
08DEC2020,DEC,2020
09DEC2020,DEC,2020
10DEC2020,DEC,2020
11DEC2020,DEC,2020
12DEC2020,DEC,2020
13DEC2020,DEC,2020
14DEC2020,DEC,2020
15DEC2020,DEC,2020
16DEC2020,DEC,2020
17DEC2020,DEC,2020
18DEC2020,DEC,2020
19DEC2020,DEC,2020
20DEC2020,DEC,2020
21DEC2020,DEC,2020
22DEC2020,DEC,2020
23DEC2020,DEC,2020
24DEC2020,DEC,2020
25DEC2020,DEC,2020
26DEC2020,DEC,2020
27DEC2020,DEC,2020
28DEC2020,DEC,2020
29DEC2020,DEC,2020
30DEC2020,DEC,2020
31DEC2020,DEC,2020
01JAN2021,JAN,2021
02JAN2021,JAN,2021
03JAN2021,JAN,2021
04JAN2021,JAN,2021
05JAN2021,JAN,2021
06JAN2021,JAN,2021
07JAN2021,JAN,2021
08JAN2021,JAN,2021
09JAN2021,JAN,2021
10JAN2021,JAN,2021
11JAN2021,JAN,2021
12JAN2021,JAN,2021
13JAN2021,JAN,2021
14JAN2021,JAN,2021
15JAN2021,JAN,2021
16JAN2021,JAN,2021
17JAN2021,JAN,2021
18JAN2021,JAN,2021
19JAN2021,JAN,2021
20JAN2021,JAN,2021
21JAN2021,JAN,2021
22JAN2021,JAN,2021
23JAN2021,JAN,2021
24JAN2021,JAN,2021
25JAN2021,JAN,2021
26JAN2021,JAN,2021
27JAN2021,JAN,2021
28JAN2021,JAN,2021
29JAN2021,JAN,2021
30JAN2021,JAN,2021
31JAN2021,JAN,2021
01FEB2021,FEB,2021
02FEB2021,FEB,2021
03FEB2021,FEB,2021
04FEB2021,FEB,2021
05FEB2021,FEB,2021
06FEB2021,FEB,2021
07FEB2021,FEB,2021
08FEB2021,FEB,2021
09FEB2021,FEB,2021
10FEB2021,FEB,2021
11FEB2021,FEB,2021
12FEB2021,FEB,2021
13FEB2021,FEB,2021
14FEB2021,FEB,2021
15FEB2021,FEB,2021
16FEB2021,FEB,2021
17FEB2021,FEB,2021
18FEB2021,FEB,2021
19FEB2021,FEB,2021
20FEB2021,FEB,2021
21FEB2021,FEB,2021
22FEB2021,FEB,2021
23FEB2021,FEB,2021
24FEB2021,FEB,2021
25FEB2021,FEB,2021
26FEB2021,FEB,2021
27FEB2021,FEB,2021
28FEB2021,FEB,2021
01MAR2021,MAR,2021
02MAR2021,MAR,2021
03MAR2021,MAR,2021
04MAR2021,MAR,2021
05MAR2021,MAR,2021
06MAR2021,MAR,2021
07MAR2021,MAR,2021
08MAR2021,MAR,2021
09MAR2021,MAR,2021
10MAR2021,MAR,2021
11MAR2021,MAR,2021
12MAR2021,MAR,2021
13MAR2021,MAR,2021
14MAR2021,MAR,2021
15MAR2021,MAR,2021
16MAR2021,MAR,2021
17MAR2021,MAR,2021
18MAR2021,MAR,2021
19MAR2021,MAR,2021
20MAR2021,MAR,2021
21MAR2021,MAR,2021
22MAR2021,MAR,2021
23MAR2021,MAR,2021
24MAR2021,MAR,2021
25MAR2021,MAR,2021
26MAR2021,MAR,2021
27MAR2021,MAR,2021
28MAR2021,MAR,2021
29MAR2021,MAR,2021
30MAR2021,MAR,2021
31MAR2021,MAR,2021
01APR2021,APR,2021
02APR2021,APR,2021
03APR2021,APR,2021
04APR2021,APR,2021
05APR2021,APR,2021
06APR2021,APR,2021
07APR2021,APR,2021
08APR2021,APR,2021
09APR2021,APR,2021
10APR2021,APR,2021
11APR2021,APR,2021
12APR2021,APR,2021
13APR2021,APR,2021
14APR2021,APR,2021
15APR2021,APR,2021
16APR2021,APR,2021
17APR2021,APR,2021
18APR2021,APR,2021
19APR2021,APR,2021
20APR2021,APR,2021
21APR2021,APR,2021
22APR2021,APR,2021
23APR2021,APR,2021
24APR2021,APR,2021
25APR2021,APR,2021
26APR2021,APR,2021
27APR2021,APR,2021
28APR2021,APR,2021
29APR2021,APR,2021
30APR2021,APR,2021
01MAY2021,MAY,2021
02MAY2021,MAY,2021
03MAY2021,MAY,2021
04MAY2021,MAY,2021
05MAY2021,MAY,2021
06MAY2021,MAY,2021
07MAY2021,MAY,2021
08MAY2021,MAY,2021
09MAY2021,MAY,2021
10MAY2021,MAY,2021
11MAY2021,MAY,2021
12MAY2021,MAY,2021
13MAY2021,MAY,2021
14MAY2021,MAY,2021
15MAY2021,MAY,2021
16MAY2021,MAY,2021
17MAY2021,MAY,2021
18MAY2021,MAY,2021
19MAY2021,MAY,2021
20MAY2021,MAY,2021
21MAY2021,MAY,2021
22MAY2021,MAY,2021
23MAY2021,MAY,2021
24MAY2021,MAY,2021
25MAY2021,MAY,2021
26MAY2021,MAY,2021
27MAY2021,MAY,2021
28MAY2021,MAY,2021
29MAY2021,MAY,2021
30MAY2021,MAY,2021
31MAY2021,MAY,2021
01JUN2021,JUN,2021
02JUN2021,JUN,2021
03JUN2021,JUN,2021
04JUN2021,JUN,2021
05JUN2021,JUN,2021
06JUN2021,JUN,2021
07JUN2021,JUN,2021
08JUN2021,JUN,2021
09JUN2021,JUN,2021
10JUN2021,JUN,2021
11JUN2021,JUN,2021
12JUN2021,JUN,2021
13JUN2021,JUN,2021
14JUN2021,JUN,2021
15JUN2021,JUN,2021
16JUN2021,JUN,2021
17JUN2021,JUN,2021
18JUN2021,JUN,2021
19JUN2021,JUN,2021
20JUN2021,JUN,2021
21JUN2021,JUN,2021
22JUN2021,JUN,2021
23JUN2021,JUN,2021
24JUN2021,JUN,2021
25JUN2021,JUN,2021
26JUN2021,JUN,2021
27JUN2021,JUN,2021
28JUN2021,JUN,2021
29JUN2021,JUN,2021
30JUN2021,JUN,2021
01JUL2021,JUL,2021
02JUL2021,JUL,2021
03JUL2021,JUL,2021
04JUL2021,JUL,2021
05JUL2021,JUL,2021
06JUL2021,JUL,2021
07JUL2021,JUL,2021
08JUL2021,JUL,2021
09JUL2021,JUL,2021
10JUL2021,JUL,2021
11JUL2021,JUL,2021
12JUL2021,JUL,2021
13JUL2021,JUL,2021
14JUL2021,JUL,2021
15JUL2021,JUL,2021
16JUL2021,JUL,2021
17JUL2021,JUL,2021
18JUL2021,JUL,2021
19JUL2021,JUL,2021
20JUL2021,JUL,2021
21JUL2021,JUL,2021
22JUL2021,JUL,2021
23JUL2021,JUL,2021
24JUL2021,JUL,2021
25JUL2021,JUL,2021
26JUL2021,JUL,2021
27JUL2021,JUL,2021
28JUL2021,JUL,2021
29JUL2021,JUL,2021
30JUL2021,JUL,2021
31JUL2021,JUL,2021
01AUG2021,AUG,2021
02AUG2021,AUG,2021
03AUG2021,AUG,2021
04AUG2021,AUG,2021
05AUG2021,AUG,2021
06AUG2021,AUG,2021
07AUG2021,AUG,2021
08AUG2021,AUG,2021
09AUG2021,AUG,2021
10AUG2021,AUG,2021
11AUG2021,AUG,2021
12AUG2021,AUG,2021
13AUG2021,AUG,2021
14AUG2021,AUG,2021
15AUG2021,AUG,2021
16AUG2021,AUG,2021
17AUG2021,AUG,2021
18AUG2021,AUG,2021
19AUG2021,AUG,2021
20AUG2021,AUG,2021
21AUG2021,AUG,2021
22AUG2021,AUG,2021
23AUG2021,AUG,2021
24AUG2021,AUG,2021
25AUG2021,AUG,2021
26AUG2021,AUG,2021
27AUG2021,AUG,2021
28AUG2021,AUG,2021
29AUG2021,AUG,2021
30AUG2021,AUG,2021
31AUG2021,AUG,2021
01SEP2021,SEP,2021
02SEP2021,SEP,2021
03SEP2021,SEP,2021
04SEP2021,SEP,2021
05SEP2021,SEP,2021
06SEP2021,SEP,2021
07SEP2021,SEP,2021
08SEP2021,SEP,2021
09SEP2021,SEP,2021
10SEP2021,SEP,2021
11SEP2021,SEP,2021
12SEP2021,SEP,2021
13SEP2021,SEP,2021
14SEP2021,SEP,2021
15SEP2021,SEP,2021
16SEP2021,SEP,2021
17SEP2021,SEP,2021
18SEP2021,SEP,2021
19SEP2021,SEP,2021
20SEP2021,SEP,2021
21SEP2021,SEP,2021
22SEP2021,SEP,2021
23SEP2021,SEP,2021
24SEP2021,SEP,2021
25SEP2021,SEP,2021
26SEP2021,SEP,2021
27SEP2021,SEP,2021
28SEP2021,SEP,2021
29SEP2021,SEP,2021
30SEP2021,SEP,2021
01OCT2021,OCT,2021
02OCT2021,OCT,2021
03OCT2021,OCT,2021
04OCT2021,OCT,2021
05OCT2021,OCT,2021
06OCT2021,OCT,2021
07OCT2021,OCT,2021
08OCT2021,OCT,2021
09OCT2021,OCT,2021
10OCT2021,OCT,2021
11OCT2021,OCT,2021
12OCT2021,OCT,2021
13OCT2021,OCT,2021
14OCT2021,OCT,2021
15OCT2021,OCT,2021
16OCT2021,OCT,2021
17OCT2021,OCT,2021
18OCT2021,OCT,2021
19OCT2021,OCT,2021
20OCT2021,OCT,2021
21OCT2021,OCT,2021
22OCT2021,OCT,2021
23OCT2021,OCT,2021
24OCT2021,OCT,2021
25OCT2021,OCT,2021
26OCT2021,OCT,2021
27OCT2021,OCT,2021
28OCT2021,OCT,2021
29OCT2021,OCT,2021
30OCT2021,OCT,2021
31OCT2021,OCT,2021
01NOV2021,NOV,2021
02NOV2021,NOV,2021
03NOV2021,NOV,2021
04NOV2021,NOV,2021
05NOV2021,NOV,2021
06NOV2021,NOV,2021
07NOV2021,NOV,2021
08NOV2021,NOV,2021
09NOV2021,NOV,2021
10NOV2021,NOV,2021
11NOV2021,NOV,2021
12NOV2021,NOV,2021
13NOV2021,NOV,2021
14NOV2021,NOV,2021
15NOV2021,NOV,2021
16NOV2021,NOV,2021
17NOV2021,NOV,2021
18NOV2021,NOV,2021
19NOV2021,NOV,2021
20NOV2021,NOV,2021
21NOV2021,NOV,2021
22NOV2021,NOV,2021
23NOV2021,NOV,2021
24NOV2021,NOV,2021
25NOV2021,NOV,2021
26NOV2021,NOV,2021
27NOV2021,NOV,2021
28NOV2021,NOV,2021
29NOV2021,NOV,2021
30NOV2021,NOV,2021
01DEC2021,DEC,2021
02DEC2021,DEC,2021
03DEC2021,DEC,2021
04DEC2021,DEC,2021
05DEC2021,DEC,2021
06DEC2021,DEC,2021
07DEC2021,DEC,2021
08DEC2021,DEC,2021
09DEC2021,DEC,2021
10DEC2021,DEC,2021
11DEC2021,DEC,2021
12DEC2021,DEC,2021
13DEC2021,DEC,2021
14DEC2021,DEC,2021
15DEC2021,DEC,2021
16DEC2021,DEC,2021
17DEC2021,DEC,2021
18DEC2021,DEC,2021
19DEC2021,DEC,2021
20DEC2021,DEC,2021
21DEC2021,DEC,2021
22DEC2021,DEC,2021
23DEC2021,DEC,2021
24DEC2021,DEC,2021
25DEC2021,DEC,2021
26DEC2021,DEC,2021
27DEC2021,DEC,2021
28DEC2021,DEC,2021
29DEC2021,DEC,2021
30DEC2021,DEC,2021
31DEC2021,DEC,2021
01JAN2022,JAN,2022
02JAN2022,JAN,2022
03JAN2022,JAN,2022
04JAN2022,JAN,2022
05JAN2022,JAN,2022
06JAN2022,JAN,2022
07JAN2022,JAN,2022
08JAN2022,JAN,2022
09JAN2022,JAN,2022
10JAN2022,JAN,2022
11JAN2022,JAN,2022
12JAN2022,JAN,2022
13JAN2022,JAN,2022
14JAN2022,JAN,2022
15JAN2022,JAN,2022
16JAN2022,JAN,2022
17JAN2022,JAN,2022
18JAN2022,JAN,2022
19JAN2022,JAN,2022
20JAN2022,JAN,2022
21JAN2022,JAN,2022
22JAN2022,JAN,2022
23JAN2022,JAN,2022
24JAN2022,JAN,2022
25JAN2022,JAN,2022
26JAN2022,JAN,2022
27JAN2022,JAN,2022
28JAN2022,JAN,2022
29JAN2022,JAN,2022
30JAN2022,JAN,2022
31JAN2022,JAN,2022
01FEB2022,FEB,2022
02FEB2022,FEB,2022
03FEB2022,FEB,2022
04FEB2022,FEB,2022
05FEB2022,FEB,2022
06FEB2022,FEB,2022
07FEB2022,FEB,2022
08FEB2022,FEB,2022
09FEB2022,FEB,2022
10FEB2022,FEB,2022
11FEB2022,FEB,2022
12FEB2022,FEB,2022
13FEB2022,FEB,2022
14FEB2022,FEB,2022
15FEB2022,FEB,2022
16FEB2022,FEB,2022
17FEB2022,FEB,2022
18FEB2022,FEB,2022
19FEB2022,FEB,2022
20FEB2022,FEB,2022
21FEB2022,FEB,2022
22FEB2022,FEB,2022
23FEB2022,FEB,2022
24FEB2022,FEB,2022
25FEB2022,FEB,2022
26FEB2022,FEB,2022
27FEB2022,FEB,2022
28FEB2022,FEB,2022
01MAR2022,MAR,2022
02MAR2022,MAR,2022
03MAR2022,MAR,2022
04MAR2022,MAR,2022
05MAR2022,MAR,2022
06MAR2022,MAR,2022
07MAR2022,MAR,2022
08MAR2022,MAR,2022
09MAR2022,MAR,2022
10MAR2022,MAR,2022
11MAR2022,MAR,2022
12MAR2022,MAR,2022
13MAR2022,MAR,2022
14MAR2022,MAR,2022
15MAR2022,MAR,2022
16MAR2022,MAR,2022
17MAR2022,MAR,2022
18MAR2022,MAR,2022
19MAR2022,MAR,2022
20MAR2022,MAR,2022
21MAR2022,MAR,2022
22MAR2022,MAR,2022
23MAR2022,MAR,2022
24MAR2022,MAR,2022
25MAR2022,MAR,2022
26MAR2022,MAR,2022
27MAR2022,MAR,2022
28MAR2022,MAR,2022
29MAR2022,MAR,2022
30MAR2022,MAR,2022
31MAR2022,MAR,2022
01APR2022,APR,2022
02APR2022,APR,2022
03APR2022,APR,2022
04APR2022,APR,2022
05APR2022,APR,2022
06APR2022,APR,2022
07APR2022,APR,2022
08APR2022,APR,2022
09APR2022,APR,2022
10APR2022,APR,2022
11APR2022,APR,2022
12APR2022,APR,2022
13APR2022,APR,2022
14APR2022,APR,2022
15APR2022,APR,2022
16APR2022,APR,2022
17APR2022,APR,2022
18APR2022,APR,2022
19APR2022,APR,2022
20APR2022,APR,2022
21APR2022,APR,2022
22APR2022,APR,2022
23APR2022,APR,2022
24APR2022,APR,2022
25APR2022,APR,2022
26APR2022,APR,2022
27APR2022,APR,2022
28APR2022,APR,2022
29APR2022,APR,2022
30APR2022,APR,2022
01MAY2022,MAY,2022
02MAY2022,MAY,2022
03MAY2022,MAY,2022
04MAY2022,MAY,2022
05MAY2022,MAY,2022
06MAY2022,MAY,2022
07MAY2022,MAY,2022
08MAY2022,MAY,2022
09MAY2022,MAY,2022
10MAY2022,MAY,2022
11MAY2022,MAY,2022
12MAY2022,MAY,2022
13MAY2022,MAY,2022
14MAY2022,MAY,2022
15MAY2022,MAY,2022
16MAY2022,MAY,2022
17MAY2022,MAY,2022
18MAY2022,MAY,2022
19MAY2022,MAY,2022
20MAY2022,MAY,2022
21MAY2022,MAY,2022
22MAY2022,MAY,2022
23MAY2022,MAY,2022
24MAY2022,MAY,2022
25MAY2022,MAY,2022
26MAY2022,MAY,2022
27MAY2022,MAY,2022
28MAY2022,MAY,2022
29MAY2022,MAY,2022
30MAY2022,MAY,2022
31MAY2022,MAY,2022
01JUN2022,JUN,2022
02JUN2022,JUN,2022
03JUN2022,JUN,2022
04JUN2022,JUN,2022
05JUN2022,JUN,2022
06JUN2022,JUN,2022
07JUN2022,JUN,2022
08JUN2022,JUN,2022
09JUN2022,JUN,2022
10JUN2022,JUN,2022
11JUN2022,JUN,2022
12JUN2022,JUN,2022
13JUN2022,JUN,2022
14JUN2022,JUN,2022
15JUN2022,JUN,2022
16JUN2022,JUN,2022
17JUN2022,JUN,2022
18JUN2022,JUN,2022
19JUN2022,JUN,2022
20JUN2022,JUN,2022
21JUN2022,JUN,2022
22JUN2022,JUN,2022
23JUN2022,JUN,2022
24JUN2022,JUN,2022
25JUN2022,JUN,2022
26JUN2022,JUN,2022
27JUN2022,JUN,2022
28JUN2022,JUN,2022
29JUN2022,JUN,2022
30JUN2022,JUN,2022
01JUL2022,JUL,2022
02JUL2022,JUL,2022
03JUL2022,JUL,2022
04JUL2022,JUL,2022
05JUL2022,JUL,2022
06JUL2022,JUL,2022
07JUL2022,JUL,2022
08JUL2022,JUL,2022
09JUL2022,JUL,2022
10JUL2022,JUL,2022
11JUL2022,JUL,2022
12JUL2022,JUL,2022
13JUL2022,JUL,2022
14JUL2022,JUL,2022
15JUL2022,JUL,2022
16JUL2022,JUL,2022
17JUL2022,JUL,2022
18JUL2022,JUL,2022
19JUL2022,JUL,2022
20JUL2022,JUL,2022
21JUL2022,JUL,2022
22JUL2022,JUL,2022
23JUL2022,JUL,2022
24JUL2022,JUL,2022
25JUL2022,JUL,2022
26JUL2022,JUL,2022
27JUL2022,JUL,2022
28JUL2022,JUL,2022
29JUL2022,JUL,2022
30JUL2022,JUL,2022
31JUL2022,JUL,2022
01AUG2022,AUG,2022
02AUG2022,AUG,2022
03AUG2022,AUG,2022
04AUG2022,AUG,2022
05AUG2022,AUG,2022
06AUG2022,AUG,2022
07AUG2022,AUG,2022
08AUG2022,AUG,2022
09AUG2022,AUG,2022
10AUG2022,AUG,2022
11AUG2022,AUG,2022
12AUG2022,AUG,2022
13AUG2022,AUG,2022
14AUG2022,AUG,2022
15AUG2022,AUG,2022
16AUG2022,AUG,2022
17AUG2022,AUG,2022
18AUG2022,AUG,2022
19AUG2022,AUG,2022
20AUG2022,AUG,2022
21AUG2022,AUG,2022
22AUG2022,AUG,2022
23AUG2022,AUG,2022
24AUG2022,AUG,2022
25AUG2022,AUG,2022
26AUG2022,AUG,2022
27AUG2022,AUG,2022
28AUG2022,AUG,2022
29AUG2022,AUG,2022
30AUG2022,AUG,2022
31AUG2022,AUG,2022
01SEP2022,SEP,2022
02SEP2022,SEP,2022
03SEP2022,SEP,2022
04SEP2022,SEP,2022
05SEP2022,SEP,2022
06SEP2022,SEP,2022
07SEP2022,SEP,2022
08SEP2022,SEP,2022
09SEP2022,SEP,2022
10SEP2022,SEP,2022
11SEP2022,SEP,2022
12SEP2022,SEP,2022
13SEP2022,SEP,2022
14SEP2022,SEP,2022
15SEP2022,SEP,2022
16SEP2022,SEP,2022
17SEP2022,SEP,2022
18SEP2022,SEP,2022
19SEP2022,SEP,2022
20SEP2022,SEP,2022
21SEP2022,SEP,2022
22SEP2022,SEP,2022
23SEP2022,SEP,2022
24SEP2022,SEP,2022
25SEP2022,SEP,2022
26SEP2022,SEP,2022
27SEP2022,SEP,2022
28SEP2022,SEP,2022
29SEP2022,SEP,2022
30SEP2022,SEP,2022
01OCT2022,OCT,2022
02OCT2022,OCT,2022
03OCT2022,OCT,2022
04OCT2022,OCT,2022
05OCT2022,OCT,2022
06OCT2022,OCT,2022
07OCT2022,OCT,2022
08OCT2022,OCT,2022
09OCT2022,OCT,2022
10OCT2022,OCT,2022
11OCT2022,OCT,2022
12OCT2022,OCT,2022
13OCT2022,OCT,2022
14OCT2022,OCT,2022
15OCT2022,OCT,2022
16OCT2022,OCT,2022
17OCT2022,OCT,2022
18OCT2022,OCT,2022
19OCT2022,OCT,2022
20OCT2022,OCT,2022
21OCT2022,OCT,2022
22OCT2022,OCT,2022
23OCT2022,OCT,2022
24OCT2022,OCT,2022
25OCT2022,OCT,2022
26OCT2022,OCT,2022
27OCT2022,OCT,2022
28OCT2022,OCT,2022
29OCT2022,OCT,2022
30OCT2022,OCT,2022
31OCT2022,OCT,2022
01NOV2022,NOV,2022
02NOV2022,NOV,2022
03NOV2022,NOV,2022
04NOV2022,NOV,2022
05NOV2022,NOV,2022
06NOV2022,NOV,2022
07NOV2022,NOV,2022
08NOV2022,NOV,2022
09NOV2022,NOV,2022
10NOV2022,NOV,2022
11NOV2022,NOV,2022
12NOV2022,NOV,2022
13NOV2022,NOV,2022
14NOV2022,NOV,2022
15NOV2022,NOV,2022
16NOV2022,NOV,2022
17NOV2022,NOV,2022
18NOV2022,NOV,2022
19NOV2022,NOV,2022
20NOV2022,NOV,2022
21NOV2022,NOV,2022
22NOV2022,NOV,2022
23NOV2022,NOV,2022
24NOV2022,NOV,2022
25NOV2022,NOV,2022
26NOV2022,NOV,2022
27NOV2022,NOV,2022
28NOV2022,NOV,2022
29NOV2022,NOV,2022
30NOV2022,NOV,2022
01DEC2022,DEC,2022
02DEC2022,DEC,2022
03DEC2022,DEC,2022
04DEC2022,DEC,2022
05DEC2022,DEC,2022
06DEC2022,DEC,2022
07DEC2022,DEC,2022
08DEC2022,DEC,2022
09DEC2022,DEC,2022
10DEC2022,DEC,2022
11DEC2022,DEC,2022
12DEC2022,DEC,2022
13DEC2022,DEC,2022
14DEC2022,DEC,2022
15DEC2022,DEC,2022
16DEC2022,DEC,2022
17DEC2022,DEC,2022
18DEC2022,DEC,2022
19DEC2022,DEC,2022
20DEC2022,DEC,2022
21DEC2022,DEC,2022
22DEC2022,DEC,2022
23DEC2022,DEC,2022
24DEC2022,DEC,2022
25DEC2022,DEC,2022
26DEC2022,DEC,2022
27DEC2022,DEC,2022
28DEC2022,DEC,2022
29DEC2022,DEC,2022
30DEC2022,DEC,2022
31DEC2022,DEC,2022
01JAN2023,JAN,2023
02JAN2023,JAN,2023
03JAN2023,JAN,2023
04JAN2023,JAN,2023
05JAN2023,JAN,2023
06JAN2023,JAN,2023
07JAN2023,JAN,2023
08JAN2023,JAN,2023
09JAN2023,JAN,2023
10JAN2023,JAN,2023
11JAN2023,JAN,2023
12JAN2023,JAN,2023
13JAN2023,JAN,2023
14JAN2023,JAN,2023
15JAN2023,JAN,2023
16JAN2023,JAN,2023
17JAN2023,JAN,2023
18JAN2023,JAN,2023
19JAN2023,JAN,2023
20JAN2023,JAN,2023
21JAN2023,JAN,2023
22JAN2023,JAN,2023
23JAN2023,JAN,2023
24JAN2023,JAN,2023
25JAN2023,JAN,2023
26JAN2023,JAN,2023
27JAN2023,JAN,2023
28JAN2023,JAN,2023
29JAN2023,JAN,2023
30JAN2023,JAN,2023
31JAN2023,JAN,2023
01FEB2023,FEB,2023
02FEB2023,FEB,2023
03FEB2023,FEB,2023
04FEB2023,FEB,2023
05FEB2023,FEB,2023
06FEB2023,FEB,2023
07FEB2023,FEB,2023
08FEB2023,FEB,2023
09FEB2023,FEB,2023
10FEB2023,FEB,2023
11FEB2023,FEB,2023
12FEB2023,FEB,2023
13FEB2023,FEB,2023
14FEB2023,FEB,2023
15FEB2023,FEB,2023
16FEB2023,FEB,2023
17FEB2023,FEB,2023
18FEB2023,FEB,2023
19FEB2023,FEB,2023
20FEB2023,FEB,2023
21FEB2023,FEB,2023
22FEB2023,FEB,2023
23FEB2023,FEB,2023
24FEB2023,FEB,2023
25FEB2023,FEB,2023
26FEB2023,FEB,2023
27FEB2023,FEB,2023
28FEB2023,FEB,2023
01MAR2023,MAR,2023
02MAR2023,MAR,2023
03MAR2023,MAR,2023
04MAR2023,MAR,2023
05MAR2023,MAR,2023
06MAR2023,MAR,2023
07MAR2023,MAR,2023
08MAR2023,MAR,2023
09MAR2023,MAR,2023
10MAR2023,MAR,2023
11MAR2023,MAR,2023
12MAR2023,MAR,2023
13MAR2023,MAR,2023
14MAR2023,MAR,2023
15MAR2023,MAR,2023
16MAR2023,MAR,2023
17MAR2023,MAR,2023
18MAR2023,MAR,2023
19MAR2023,MAR,2023
20MAR2023,MAR,2023
21MAR2023,MAR,2023
22MAR2023,MAR,2023
23MAR2023,MAR,2023
24MAR2023,MAR,2023
25MAR2023,MAR,2023
26MAR2023,MAR,2023
27MAR2023,MAR,2023
28MAR2023,MAR,2023
29MAR2023,MAR,2023
30MAR2023,MAR,2023
31MAR2023,MAR,2023
01APR2023,APR,2023
02APR2023,APR,2023
03APR2023,APR,2023
04APR2023,APR,2023
05APR2023,APR,2023
06APR2023,APR,2023
07APR2023,APR,2023
08APR2023,APR,2023
09APR2023,APR,2023
10APR2023,APR,2023
11APR2023,APR,2023
12APR2023,APR,2023
13APR2023,APR,2023
14APR2023,APR,2023
15APR2023,APR,2023
16APR2023,APR,2023
17APR2023,APR,2023
18APR2023,APR,2023
19APR2023,APR,2023
20APR2023,APR,2023
21APR2023,APR,2023
22APR2023,APR,2023
23APR2023,APR,2023
24APR2023,APR,2023
25APR2023,APR,2023
26APR2023,APR,2023
27APR2023,APR,2023
28APR2023,APR,2023
29APR2023,APR,2023
30APR2023,APR,2023
01MAY2023,MAY,2023
02MAY2023,MAY,2023
03MAY2023,MAY,2023
04MAY2023,MAY,2023
05MAY2023,MAY,2023
06MAY2023,MAY,2023
07MAY2023,MAY,2023
08MAY2023,MAY,2023
09MAY2023,MAY,2023
10MAY2023,MAY,2023
11MAY2023,MAY,2023
12MAY2023,MAY,2023
13MAY2023,MAY,2023
14MAY2023,MAY,2023
15MAY2023,MAY,2023
16MAY2023,MAY,2023
17MAY2023,MAY,2023
18MAY2023,MAY,2023
19MAY2023,MAY,2023
20MAY2023,MAY,2023
21MAY2023,MAY,2023
22MAY2023,MAY,2023
23MAY2023,MAY,2023
24MAY2023,MAY,2023
25MAY2023,MAY,2023
26MAY2023,MAY,2023
27MAY2023,MAY,2023
28MAY2023,MAY,2023
29MAY2023,MAY,2023
30MAY2023,MAY,2023
31MAY2023,MAY,2023
01JUN2023,JUN,2023
02JUN2023,JUN,2023
03JUN2023,JUN,2023
04JUN2023,JUN,2023
05JUN2023,JUN,2023
06JUN2023,JUN,2023
07JUN2023,JUN,2023
08JUN2023,JUN,2023
09JUN2023,JUN,2023
10JUN2023,JUN,2023
11JUN2023,JUN,2023
12JUN2023,JUN,2023
13JUN2023,JUN,2023
14JUN2023,JUN,2023
15JUN2023,JUN,2023
16JUN2023,JUN,2023
17JUN2023,JUN,2023
18JUN2023,JUN,2023
19JUN2023,JUN,2023
20JUN2023,JUN,2023
21JUN2023,JUN,2023
22JUN2023,JUN,2023
23JUN2023,JUN,2023
24JUN2023,JUN,2023
25JUN2023,JUN,2023
26JUN2023,JUN,2023
27JUN2023,JUN,2023
28JUN2023,JUN,2023
29JUN2023,JUN,2023
30JUN2023,JUN,2023
01JUL2023,JUL,2023
02JUL2023,JUL,2023
03JUL2023,JUL,2023
04JUL2023,JUL,2023
05JUL2023,JUL,2023
06JUL2023,JUL,2023
07JUL2023,JUL,2023
08JUL2023,JUL,2023
09JUL2023,JUL,2023
10JUL2023,JUL,2023
11JUL2023,JUL,2023
12JUL2023,JUL,2023
13JUL2023,JUL,2023
14JUL2023,JUL,2023
15JUL2023,JUL,2023
16JUL2023,JUL,2023
17JUL2023,JUL,2023
18JUL2023,JUL,2023
19JUL2023,JUL,2023
20JUL2023,JUL,2023
21JUL2023,JUL,2023
22JUL2023,JUL,2023
23JUL2023,JUL,2023
24JUL2023,JUL,2023
25JUL2023,JUL,2023
26JUL2023,JUL,2023
27JUL2023,JUL,2023
28JUL2023,JUL,2023
29JUL2023,JUL,2023
30JUL2023,JUL,2023
31JUL2023,JUL,2023
01AUG2023,AUG,2023
02AUG2023,AUG,2023
03AUG2023,AUG,2023
04AUG2023,AUG,2023
05AUG2023,AUG,2023
06AUG2023,AUG,2023
07AUG2023,AUG,2023
08AUG2023,AUG,2023
09AUG2023,AUG,2023
10AUG2023,AUG,2023
11AUG2023,AUG,2023
12AUG2023,AUG,2023
13AUG2023,AUG,2023
14AUG2023,AUG,2023
15AUG2023,AUG,2023
16AUG2023,AUG,2023
17AUG2023,AUG,2023
18AUG2023,AUG,2023
19AUG2023,AUG,2023
20AUG2023,AUG,2023
21AUG2023,AUG,2023
22AUG2023,AUG,2023
23AUG2023,AUG,2023
24AUG2023,AUG,2023
25AUG2023,AUG,2023
26AUG2023,AUG,2023
27AUG2023,AUG,2023
28AUG2023,AUG,2023
29AUG2023,AUG,2023
30AUG2023,AUG,2023
31AUG2023,AUG,2023
01SEP2023,SEP,2023
02SEP2023,SEP,2023
03SEP2023,SEP,2023
04SEP2023,SEP,2023
05SEP2023,SEP,2023
06SEP2023,SEP,2023
07SEP2023,SEP,2023
08SEP2023,SEP,2023
09SEP2023,SEP,2023
10SEP2023,SEP,2023
11SEP2023,SEP,2023
12SEP2023,SEP,2023
13SEP2023,SEP,2023
14SEP2023,SEP,2023
15SEP2023,SEP,2023
16SEP2023,SEP,2023
17SEP2023,SEP,2023
18SEP2023,SEP,2023
19SEP2023,SEP,2023
20SEP2023,SEP,2023
21SEP2023,SEP,2023
22SEP2023,SEP,2023
23SEP2023,SEP,2023
24SEP2023,SEP,2023
25SEP2023,SEP,2023
26SEP2023,SEP,2023
27SEP2023,SEP,2023
28SEP2023,SEP,2023
29SEP2023,SEP,2023
30SEP2023,SEP,2023
01OCT2023,OCT,2023
02OCT2023,OCT,2023
03OCT2023,OCT,2023
04OCT2023,OCT,2023
05OCT2023,OCT,2023
06OCT2023,OCT,2023
07OCT2023,OCT,2023
08OCT2023,OCT,2023
09OCT2023,OCT,2023
10OCT2023,OCT,2023
11OCT2023,OCT,2023
12OCT2023,OCT,2023
13OCT2023,OCT,2023
14OCT2023,OCT,2023
15OCT2023,OCT,2023
16OCT2023,OCT,2023
17OCT2023,OCT,2023
18OCT2023,OCT,2023
19OCT2023,OCT,2023
20OCT2023,OCT,2023
21OCT2023,OCT,2023
22OCT2023,OCT,2023
23OCT2023,OCT,2023
24OCT2023,OCT,2023
25OCT2023,OCT,2023
26OCT2023,OCT,2023
27OCT2023,OCT,2023
28OCT2023,OCT,2023
29OCT2023,OCT,2023
30OCT2023,OCT,2023
31OCT2023,OCT,2023
01NOV2023,NOV,2023
02NOV2023,NOV,2023
03NOV2023,NOV,2023
04NOV2023,NOV,2023
05NOV2023,NOV,2023
06NOV2023,NOV,2023
07NOV2023,NOV,2023
08NOV2023,NOV,2023
09NOV2023,NOV,2023
10NOV2023,NOV,2023
11NOV2023,NOV,2023
12NOV2023,NOV,2023
13NOV2023,NOV,2023
14NOV2023,NOV,2023
15NOV2023,NOV,2023
16NOV2023,NOV,2023
17NOV2023,NOV,2023
18NOV2023,NOV,2023
19NOV2023,NOV,2023
20NOV2023,NOV,2023
21NOV2023,NOV,2023
22NOV2023,NOV,2023
23NOV2023,NOV,2023
24NOV2023,NOV,2023
25NOV2023,NOV,2023
26NOV2023,NOV,2023
27NOV2023,NOV,2023
28NOV2023,NOV,2023
29NOV2023,NOV,2023
30NOV2023,NOV,2023
01DEC2023,DEC,2023
02DEC2023,DEC,2023
03DEC2023,DEC,2023
04DEC2023,DEC,2023
05DEC2023,DEC,2023
06DEC2023,DEC,2023
07DEC2023,DEC,2023
08DEC2023,DEC,2023
09DEC2023,DEC,2023
10DEC2023,DEC,2023
11DEC2023,DEC,2023
12DEC2023,DEC,2023
13DEC2023,DEC,2023
14DEC2023,DEC,2023
15DEC2023,DEC,2023
16DEC2023,DEC,2023
17DEC2023,DEC,2023
18DEC2023,DEC,2023
19DEC2023,DEC,2023
20DEC2023,DEC,2023
21DEC2023,DEC,2023
22DEC2023,DEC,2023
23DEC2023,DEC,2023
24DEC2023,DEC,2023
25DEC2023,DEC,2023
26DEC2023,DEC,2023
27DEC2023,DEC,2023
28DEC2023,DEC,2023
29DEC2023,DEC,2023
30DEC2023,DEC,2023
31DEC2023,DEC,2023
01JAN2024,JAN,2024
02JAN2024,JAN,2024
03JAN2024,JAN,2024
04JAN2024,JAN,2024
05JAN2024,JAN,2024
06JAN2024,JAN,2024
07JAN2024,JAN,2024
08JAN2024,JAN,2024
09JAN2024,JAN,2024
10JAN2024,JAN,2024
11JAN2024,JAN,2024
12JAN2024,JAN,2024
13JAN2024,JAN,2024
14JAN2024,JAN,2024
15JAN2024,JAN,2024
16JAN2024,JAN,2024
17JAN2024,JAN,2024
18JAN2024,JAN,2024
19JAN2024,JAN,2024
20JAN2024,JAN,2024
21JAN2024,JAN,2024
22JAN2024,JAN,2024
23JAN2024,JAN,2024
24JAN2024,JAN,2024
25JAN2024,JAN,2024
26JAN2024,JAN,2024
27JAN2024,JAN,2024
28JAN2024,JAN,2024
29JAN2024,JAN,2024
30JAN2024,JAN,2024
31JAN2024,JAN,2024
01FEB2024,FEB,2024
02FEB2024,FEB,2024
03FEB2024,FEB,2024
04FEB2024,FEB,2024
05FEB2024,FEB,2024
06FEB2024,FEB,2024
07FEB2024,FEB,2024
